source_record_id,source,normalized_text_hash,label,claim_probability,prediction
averitec:2578,averitec,cefb2a73321766d36c3baa0300d9aebda0e34033d3ce90a072cc2adf832cc865,1,0.44232246,0
averitec:1503,averitec,36306b86037a96c9b6d1c71d0fb8121d30e4657b6619a83c24323a45f281f24d,1,0.9699499,1
averitec:1318,averitec,d2485fc74a8b67b59b89801e6e5c9266277f5489ef3db60bf54b18bdca4fc791,1,0.9902355,1
averitec:2987,averitec,f5f819ea59a056f20c7b98df486fd72ffd9ced6298d22df55cd51ede6f82dd2f,1,0.98905164,1
averitec:1973,averitec,c908ef275e0d6c584ebe24dd42a1a21d48f17e738f56335cee04afff71ac31a6,1,0.95138747,1
averitec:294,averitec,05a7d11646757e2a47d17306f16d8dec4dd26a2c57e6b47785c1bc86511bbd2b,1,0.9520605,1
averitec:326,averitec,9508b22642fb9ab7ea271d8990c7d73ce0e85a48bd2c0076b8172732c271dfc8,1,0.99116737,1
averitec:1944,averitec,82a72c27c8de6620daac94d6cdcf2df085cf48df503e9788143867265ea11df0,1,0.99092686,1
averitec:1678,averitec,50701fc0bad501af7c1db75c1bced135361d0c0f57de222252e4a402d8b90760,1,0.99186057,1
averitec:1238,averitec,929518e2ddcde6a4196479e0fb16d1b297d7b79e78c640ced4904cc0bd81a50a,1,0.9907624,1
averitec:2247,averitec,b13a465f5fce312ad6d8cbb462ee3da6ec3298d6b6889de97ca7ba64b97a221b,1,0.64784867,1
averitec:719,averitec,4104784c3b07866b290d1a4d8e928ff1fb0ee5790e4bcf37966c1af3121933f3,1,0.99306726,1
averitec:1540,averitec,aa27f4f83fe8de8c19fd8441167d9b0691e9cee9dd1c510ed3667e433cf84a62,1,0.9879023,1
averitec:2886,averitec,633b947847992751d01cefe1a24e5d297fc6820a3c2cd1d4aaca1275229ccbde,1,0.9872493,1
averitec:402,averitec,a9ff5ba4dade53f731a18ecfe03cc8aa866b46997695ef101cf596511d043c90,1,0.989737,1
averitec:2845,averitec,2c63404512bbb6162ecb5def4f70893b832ffa2819fc18fa8fab3eb944121943,1,0.9917278,1
averitec:2639,averitec,cfe014187cf01406feb8c83407934c4d00f2f8108e427c2538f903e8a11ad316,1,0.99362504,1
averitec:2884,averitec,8dfc9463f3539f18f6ab8ce8e4054d35281e5288ba85c578141e7a8ba20841bc,1,0.98921156,1
averitec:340,averitec,a24ee9978259a117290b5ba2d695ed6b80349acdc604ab3ecb8a34dcb6bb5761,1,0.9916978,1
averitec:2528,averitec,63b3203f5a3c70025c62a1eee7ce0c6bee62631b2fa76b2b9be9c1b71d9ff90c,1,0.98841697,1
averitec:1763,averitec,437c15b6aeb9c90442c8e9add302ff7c6d72ab925fd2500cddb41476d3251913,1,0.95280784,1
averitec:91,averitec,86ef1179f7f297ac01960bfbdda187ebcaee4676a7a2d99b490eea9532fc333d,1,0.9471942,1
averitec:1349,averitec,3afe841887b5f9e2b4a8d714641655153a5a6a07006c5f6b0aae871acd8baa56,1,0.96207905,1
averitec:2564,averitec,9e51d604aaf461c7e43e45b6d829fb9946e9a8de0d76be2408499df6cabef3fd,1,0.95362794,1
averitec:1339,averitec,a60ccd91ef4cf4b8297160583a2e6effae0d9a189a01e1a2ab537a67d812e204,1,0.99096125,1
averitec:2396,averitec,29604c7feb7c4682983217b8316c30a401a165b0d1bde7d735c9cb8cc0301092,1,0.3638922,0
averitec:541,averitec,06e0154c3c2c947133010c1f0106d3d2db941c0e005b1dc0d87792e3dc4c30a9,1,0.9934574,1
averitec:1083,averitec,469fb487af0ea4c96629f67212b05c362475e6accc0129575ab71d0dac833baf,1,0.98919135,1
averitec:1011,averitec,12ed6401502aad9b5ff61875e87b910f8d5cfd19d6d1801230926128e890d51f,1,0.98770463,1
averitec:576,averitec,6e4dc464d7416fc58455065a9eaeb159ebafa5595de416a4afdbcdfb224944c9,1,0.99115986,1
averitec:7,averitec,f40214f860b60aabbdd97991935980692620bf51cff4101404ad95fc957e58a3,1,0.9643551,1
averitec:577,averitec,a7d4821085fc827f8a203b19f426180bb348f548f4757b935145cdef8db60347,1,0.9882861,1
averitec:2964,averitec,5a6a1884fdd959c31df94f438428aec48a69bf703172b36d27c3668ae9f92a41,1,0.37501958,0
averitec:2306,averitec,17c4a65ebcdf8e05aff4ec0e761feb684bd5fe9917c16f0899abc62faf36ac61,1,0.99104685,1
averitec:1025,averitec,5ba7473577e08f1c6d12512c2cef0d79ccd05c0f5cb5ce4523d7f82c20f5ae3a,1,0.9907774,1
averitec:1185,averitec,de3fc64c7a76c1877fb8342bd5b062c2fc33601e751dbd0e7ca78ce827ee6805,1,0.9920358,1
averitec:2484,averitec,cb35787f01bf72a65e8662e6e29d0fcd8736774c3d681bb1434a429137138f69,1,0.7720157,1
averitec:2453,averitec,b49b26216b58bdd633ba7d6962bd26a20e5d090d2fee416f78547f75296fa15e,1,0.9265216,1
averitec:543,averitec,eac6d44796eb1ad36c0f60bd61cb4fdd57ce71489605aa5fed7e5da6f37e17e5,1,0.9927549,1
averitec:455,averitec,5d3c9a5eec36a57b212b18d6c33c1da7cd00bfe5ff8f323628a62f9d908f48bf,1,0.99333185,1
averitec:2623,averitec,74787ed61d1adb61767ea8b7ef86813faf75d8b91e8d8d7e96299fd303d4c466,1,0.9844545,1
averitec:1772,averitec,512128c170d029264c98ca920a5af18142a9afdc8041908a51549dbb2902877b,1,0.99384177,1
averitec:832,averitec,9c680e8d4f23c7d8a058d57d990487eccbf26b6481490626f60953f37ea021a7,1,0.9871726,1
averitec:2942,averitec,32adb24a549c9db784b217ec2234e0f888a4b3ffbd8d300965ce405c00fdbc4d,1,0.98887223,1
averitec:2084,averitec,fc5682bc30887f1b7f0c984d511b4ad27f6ad0e233f4f634a8b6c48c97916c80,1,0.9912061,1
averitec:2490,averitec,778288e15ce4a3b156dc78895fd50bbd0911566d0c738e2d44713cfc3122fd67,1,0.99228716,1
averitec:1130,averitec,a999cc2b548f1e33782c4e1d336b1ab3d4ba33ccebdd2b57175b586c0af2da01,1,0.99101734,1
averitec:540,averitec,23cffebd5827874b5f3486da69f156a1c2119ed1c9b194ae6d6d22d331266f01,1,0.99352723,1
averitec:712,averitec,7d3a293ad355e00a7fd334389d0de83235339982ce9ebfcf71f0873a812be099,1,0.98922205,1
averitec:2258,averitec,b19d8d9e3d2890f978575a5d4c45aca6e9155ca21f1a91e31a127f4c98f7fefc,1,0.7542273,1
averitec:1921,averitec,2e82d4549a8a356494e0f0ef42b8d8b81b014000a58c6722659b8134b89cd3d5,1,0.99324316,1
averitec:864,averitec,85e264b4bb55ff4b455f788fe1d37cac9e0352225b86acf3416030aed92e4595,1,0.030516803,0
averitec:2302,averitec,9ca77317f77578625001ea342d4e16000a7ce3640bbe4fe8c20377187c5f4552,1,0.9916481,1
averitec:522,averitec,b3bd23a143ce26714182e04b956ffa3b44b24f324b20f688e1a69674cd910b8c,1,0.9921103,1
averitec:1760,averitec,96183ab25f0c5186acc1cd57c32ae53f080d35831fc1a0d0ba0a34d6093d1159,1,0.99232835,1
averitec:396,averitec,2a0f31c5404cad3c00e21ec1ff5eb8dd678fcf7e059830336bee286983cd9c9e,1,0.9932243,1
averitec:2405,averitec,78024a6b4ed68adcb5f908aaba2d50626bd91e29477cdeaedd7c4618e568ac3a,1,0.99141544,1
averitec:899,averitec,8d34d42b0385ea591195d27ede0f672e7762c1474751e570186be824de01bba0,1,0.99139786,1
averitec:1226,averitec,49e2412e5828225dc00497020f9dd1dedd82a569e68dc86c9c2c6c155cfc71a9,1,0.9898516,1
averitec:1087,averitec,a4cedb5b2511197311d43f99d54c8cbbdaeb5ef03bf65636f46c129fe04f7c95,1,0.9861391,1
averitec:3057,averitec,e1c23e1084c93354b591a686d4ece6c1f6f99514143571f172b76fec3d64d107,1,0.8844077,1
averitec:1320,averitec,2a158dd92badacf6a986ffaa9a1d56d2dd93167823fef88c18d974649783dfc2,1,0.99028265,1
averitec:1730,averitec,480e64fc152f18a5da5cb7f04e0a768e78907700fde0f13eb78697b51a839c6c,1,0.99352705,1
averitec:1272,averitec,b1bcb0fd999ea239281e878a2eb142b26c351f1e7262a70241e93fc7dbbbae1d,1,0.99014854,1
averitec:2862,averitec,3a93368f978402d550cb36294721c083354c9622fe1a700a79c3fcc35c1860cc,1,0.97839624,1
averitec:2663,averitec,f58d5a8e06f5f4581f55a58e42852814155ed76b20b8f7e1a152c12b8bf89066,1,0.99340856,1
averitec:1144,averitec,b9a7020c1b572d11f721dbdcac6c81179178149fa071e065f30344bfb8e96d98,1,0.99204016,1
averitec:406,averitec,ff8f9d41b0366e854ce4edbea96bce755c249950ce591cca471c6e2837dc85e8,1,0.98640186,1
averitec:1701,averitec,c5bef21361cd49f656e098418e88df83c0f6cfa8dcae7375071313ccc4ef4f5d,1,0.9916169,1
averitec:2492,averitec,a1790148ab3217f113d11982f59b7de8ff3c9db85ff7811aec47b9fc8c65bfaa,1,0.98266023,1
averitec:184,averitec,84017c37293d9c6fbe7f9e8aa623065632fe0ce3f8cf77168956ff7b8cdacd38,1,0.99252033,1
averitec:2929,averitec,a9138aedafe65598b69a82b3dbd27de4241e22d623afce6c208deb85933fc5e8,1,0.98267704,1
averitec:2478,averitec,b4fbf4f0b69eb7a4930bc2f91637799a30838301f094c5dedfbe2c73b0c78995,1,0.9923413,1
averitec:2446,averitec,86e982088143058d1a3cc4d9c881a6b7863a649d1bf16a281575105d26c55977,1,0.99406934,1
averitec:2807,averitec,4a693aabb6f03b6a71dcf4561ef35f3fbe79d03e41bfd833d72febb8e3cb9c5f,1,0.8948488,1
averitec:910,averitec,9ea1c98a09d00eb76df5ca5d3a8825016f8fffe3c54d6cca516db6012f46f1f2,1,0.9925566,1
averitec:1036,averitec,3ef290da5af16ebe1aab2c117151dd1f5079efef9298eacdc2d881edf6fd8179,1,0.9833836,1
averitec:922,averitec,9ea1c98a09d00eb76df5ca5d3a8825016f8fffe3c54d6cca516db6012f46f1f2,1,0.9925566,1
averitec:1773,averitec,7e1d6bc177c601ea896075c019e6c9f04c26d4c8ecedc322218d6f65fab459c7,1,0.95360994,1
averitec:819,averitec,a512cd88fe6ddc0ccd20c447f3a9f876225482294bd14dc052e7e9bb7c240ce6,1,0.9890126,1
averitec:1759,averitec,7e71382455123b602afd9cc0078005c7f004df192e797d229a96196012fbdaa1,1,0.9844924,1
averitec:1600,averitec,b89fdca7dd2a1b5a2c95644cfe53eb02a3394b33c13178ee17860b8f7258ad03,1,0.99395233,1
averitec:2161,averitec,9a2527d9b04a025af8158462dbc9b149a154d532b08eeab364a207d394003438,1,0.9863897,1
averitec:1220,averitec,90e4effd6361d0770226f8a65964440b5342562a92d14f84f8b86df1c92ac01d,1,0.9931223,1
averitec:1277,averitec,30a3f7b095c568f3ba7f9eca7597037ee1feb0226bed7018a6c5fbf5045726e8,1,0.99285287,1
averitec:1875,averitec,e3c219e32de939d6fd9cfd1f6dddca717ba022c328ee9f1b252d2c454512e3a2,1,0.98130167,1
averitec:1338,averitec,6ac52899f189f2d0627dd94be4b7ac90be08ba1ec681beb88d6465dd1305fed1,1,0.90453434,1
averitec:2956,averitec,e207ad87512574b1e5ea62f75d158b93d6fceed0d61cd96cd38b981fa4e3937b,1,0.9932488,1
averitec:2487,averitec,d91c3f74603f302c0fe9dc7ee9806a3d45f24b811111b3f2e4c7fe1e9a133e11,1,0.99284184,1
averitec:2517,averitec,752f23cf277a233c780e370243eef616d2a9ad26172b6b7d7b5c623ea38243bd,1,0.88586986,1
averitec:16,averitec,94592e6fd1a025352e71ea9fb055a0d79a2a27ee68e4d1915bd964e1bd2f8eb2,1,0.97752154,1
averitec:1296,averitec,4fb4eb9425f0ddf634cd499cb472fab9f76d6fdf61a9a7f57b1814fd4c31a663,1,0.99286383,1
averitec:336,averitec,f2a8fce28b65a16ebc19c9db71f8fd0060d7bda2505c2cde2266267c9e098c3e,1,0.9802644,1
averitec:787,averitec,41c07e700869e23eb44ae4a0edc9c6b5a429751008ff0d8c4004cb01c1a7e0c4,1,0.99120444,1
averitec:2632,averitec,e376146ebaea5abd039f9aa9c9f289f0b7afec31df07bd96fa7d2ca5ae806189,1,0.99382764,1
averitec:2340,averitec,006824087a61052de2f4143974f4bb6309a77517494fba03f1b9c3148b5221bd,1,0.9929559,1
averitec:2000,averitec,c9a889571ba3d1945b005e0d90420c795527d6b08433d443654db0dbe69a146a,1,0.9884405,1
averitec:250,averitec,bb1b1a4fb938f0636b29742ce983bb28c66af715742b96331cf564db67abe09f,1,0.9912608,1
averitec:1615,averitec,baf408547b63efbb909ec0d01fd979454819996d9aca05fc6a5287c2cdaed4c5,1,0.7360857,1
averitec:1225,averitec,c3bcb55a11054086a70894af8232b174f92da9968fcb56396d21cb9e9245f7fc,1,0.99276346,1
averitec:1239,averitec,300255b72c858f0e41bebc8ab2b776eca44308381f849c985b4a182d1753455d,1,0.9910521,1
averitec:1128,averitec,6d25d3714488f59501aebfdba78fc63c00ff3986ac4799ffb4691ad5fec97ed8,1,0.62959087,1
averitec:1513,averitec,7c1dfcde52a07805d28d7c297cef88e6e8892b5d604f23b6d0dcc9ead01d5e59,1,0.99134165,1
averitec:2403,averitec,9501ac44f5f123f29212de6957c6493e1ffc3c4584e8d511478257ce433a251c,1,0.99325,1
averitec:160,averitec,5a9e36d9bd1e8ab203f3e4aebcae51e51b3c28cccd8792372f4c829d7b849a8b,1,0.96481776,1
averitec:1263,averitec,0c5b75b27b01d5723ecce72bd68a409706e8c8640abcb56e16595ff8578d3a47,1,0.9905235,1
averitec:1861,averitec,32edaec37325985b9e7a0e94f2649ada4a5749f8228d44bf8753e78f3a783acf,1,0.98931015,1
averitec:325,averitec,25cdeac104ed403c87d4f8a66b43ed9a5f4fa4e7aed5512a49a8f64e681bf301,1,0.05030254,0
averitec:2646,averitec,3f37100cb26486d691f29f1919b716885aba1e8233ac9c16d4c3e7025f1e5f00,1,0.991666,1
averitec:412,averitec,29b228fc74d932b040cee8ebed2d2b7df24555f65dc196bae715c6edfd1940a6,1,0.9855951,1
averitec:2695,averitec,67fb2b81ba9e9e6fd670c4ea27a90668c250a0543f81aa43cf71b70dd1f9b688,1,0.9931051,1
averitec:1638,averitec,b0e167bb0085f03ee68a6bef34775f2de4bea6db707297066b0349ac83cda64a,1,0.96976244,1
averitec:1005,averitec,7d8f9003c3005c4ee9868f999089b2cfe55e5587e222a7b6e2b85252d4b3f340,1,0.98896736,1
averitec:1761,averitec,35b4adb5db98388b239d8ba86862ad8066fcbb2ea5f7c976510d026fde3ea7d9,1,0.9924442,1
averitec:2779,averitec,7ab3c6ae1d67711820981d0484cd6e8aa7a49b8728efacf39395807f7f67b586,1,0.9919337,1
averitec:2750,averitec,151004bc43016f137ab8337eb1dff0cfbdd5ba341580afc0e0c28028058b873f,1,0.99389416,1
averitec:1500,averitec,4def4e9c8a03f129732d0db08c14c560b41adc2d86c8dd9b53054d8f992b3ed6,1,0.984345,1
averitec:118,averitec,f08b36e23df010d986a44abdd831e5ae15f5dd23f41d24d0361b1e20f8f1d9bd,1,0.98690784,1
averitec:967,averitec,dad21a77026f5423e029784a334a0576d1416bdf0354ff277e8eb110dd0fa4e9,1,0.9913556,1
averitec:2691,averitec,dcc83d5a0559592872a645f9474e3513310eebc8b618d8a61ac520d0668d4156,1,0.98571265,1
averitec:1712,averitec,e51453d3d185d159ed576e24fcdb5dc9fd4d51870effbaca68c35d7b5cf986ea,1,0.99217755,1
averitec:2837,averitec,897385945bef1dd09b9d2d84a6d89b1880c590f18872853a949921423f4a5b52,1,0.9864655,1
averitec:403,averitec,ac67f7b184a3f8d6651bf23bc1a6be1644115d339cefd873177a136d9c66e3f7,1,0.9889417,1
averitec:1474,averitec,c9b429e73a81b222c6c6796d5268a6f41c112463dc9194319a0b3bc2da3b0781,1,0.97798324,1
averitec:1685,averitec,4e1f38d0a28b4499e136d552c8414a1184f2dfcd0ac4a7b5d2f389439d7d6461,1,0.91602093,1
averitec:2156,averitec,82091cf2bf5423df6acf16dabf83e3702c5ed99f3b4705b53afa4c4692a2c063,1,0.9818534,1
averitec:2951,averitec,c22ccf940478711da141a2ea4007ded15a312f12625510ca928d372e502c0b03,1,0.968508,1
averitec:477,averitec,7d1c62157de7cd122528ec055febf6cad5358cc194c2546af318a3229c154a70,1,0.9862248,1
averitec:1436,averitec,8cffd7ab3a5bdf3358bfcca0e598176048dc4c5e03f7b2941f880be36f72d89e,1,0.98763406,1
averitec:1958,averitec,8725c176524e72f345c6e0477050ff0a9a21f29b86a3ddc0defafe4e2fd6085e,1,0.98848116,1
averitec:1191,averitec,4dc6d90cff1e20a5114b7285a0ffa8b5da0c61435fd157eea3ac926ace461b80,1,0.9920791,1
averitec:103,averitec,b20b91beb1a42687543de4c3199d99eb562f28a55f370d01d9e0df4abcf5f4ff,1,0.99294794,1
averitec:1088,averitec,fcb84348f5501b139a14a8e2c3bfde4d184580a621fd0112d32f8e7ca5cf674a,1,0.9879992,1
averitec:1221,averitec,dbc31b5f2a5282022e521a36772ac18cf313dc2cf01cb8df42848168d14bf642,1,0.99307513,1
averitec:767,averitec,400331a5947e9b23a10ea02398381132c86cac82f59677bade45cb041812f443,1,0.9917704,1
averitec:1164,averitec,b71edb65efe999dbdb6a59f607f474bf1525043c093a78ce495a5830bd27e7bc,1,0.9901799,1
averitec:1809,averitec,4b832e96483d4b5a54a5e3eff30bf807a87ab709628a36af2af57ad386868497,1,0.98936707,1
averitec:1543,averitec,53c37401f3287a36ea00f3ab290af513af2fa6caf672d3ff9f703290ee549578,1,0.99172115,1
averitec:90,averitec,89906cf6a1a8a32efff4cc1c1bdeb2165f70f18a2821f4fc1700b0b4b3de2040,1,0.97249335,1
averitec:2214,averitec,2c2912ffcdf7961ed762b7e8db8eb200055363f171083600e9d432e847f044cd,1,0.84285164,1
averitec:1835,averitec,ed4b1c47597f227dc9c7207f4171629e2df3284f15278cd576586c5377ac902a,1,0.07519008,0
averitec:1271,averitec,f50f89f7edec89cf6c639ef1cb97b40e93e0ec0558af8e017f7d31709a800597,1,0.992351,1
averitec:993,averitec,d35dd99a6fdd18d1d6ea6f78666140a9dd98be73691847f637eddd6c248b6667,1,0.9873684,1
averitec:2520,averitec,fe3bb584eecfd60e796d1f0eb283d4ded217093ca0211ac8d6e2af6b70bdc753,1,0.9898727,1
averitec:1680,averitec,bda2401a2cd1a38e7e3174553da9f57e2dbc17ec51f1eb26bebf9afb916a6476,1,0.9912914,1
averitec:1427,averitec,2686aae020815ec516cab3179bf059e5072e2fb210cfd44cfe0ea2b9b4a182e2,1,0.99418145,1
averitec:1723,averitec,a057f71df9d03372da5a1f6396d081461ebc57eb75f8cb7ab9e29798ff10014a,1,0.6352612,1
averitec:1657,averitec,46e4882f4072fab2b53aff80459ae56ede927fbdaab769987aa5b62048f7ac8b,1,0.9917957,1
averitec:1103,averitec,81abe26fe52dc68077c1fe73d44418bad37efc84a363f42cb6695963e143bb6d,1,0.99226236,1
averitec:27,averitec,a2dfe66bd78dab6bf51364386e635b49de6a230f8c7c4648c924735318134dd7,1,0.9892547,1
averitec:1645,averitec,f7a97c05efc00f8a01f76043185e0cacaec83489295b08a76c72c12d9a0acb12,1,0.9927026,1
averitec:2226,averitec,7228cc4af3fb51bba2590dd68e49664a7f0fea421987e2140352e2f7ffaacded,1,0.9920439,1
averitec:2163,averitec,df25dd5ad6f729f5bfc8e0087792e6559100a85ddb5cdf2ef5bbbed0baf4153a,1,0.9924251,1
averitec:943,averitec,81e8783037d51a08cb0db8ee5570ed9290463ac3f33ff5a497f89fdbd09bfe42,1,0.9925292,1
averitec:1825,averitec,375279173051f525c492de0c42091777d47c11730720843b76d8b84e322f2a1d,1,0.98343104,1
averitec:1140,averitec,1cedc63a9cdb30c47a8c965a645dcd8252fbba8ea4ed235ed17b5a5c51d45e22,1,0.99365497,1
averitec:1202,averitec,8fc92dc421a54a890d351989421f4d8c2e78bd0c2d06c3300b636dab82d1d590,1,0.9830376,1
averitec:891,averitec,c1b41090bdd89ac7c39ec50d461bc8cc4b879aefad2c6221138a0b37157a1a13,1,0.98546845,1
averitec:1389,averitec,4ce5ce3c35a63047cf9252a07e59e42ffcd5c1ecca7fb788d3b95f90ae89b284,1,0.99264187,1
averitec:1403,averitec,8e1a4aebd7da0dfa2a8d059281b9a8f4e37e3c7bde7a66de3f9c6c3e41020b95,1,0.9835961,1
averitec:475,averitec,1367af7e8d2b8c7c99bc0e577061910176845679abaec698fef33ca0999ac41c,1,0.992558,1
averitec:2858,averitec,b8846b4f3d317373c1920d00e4c411343bd87f5ce68bc6784c046c3d83625a7b,1,0.99214184,1
averitec:2846,averitec,9e9ec64afa48e0165feeca55aedf7943f2d4da923224c0140ee46348dcbf9951,1,0.9933007,1
averitec:400,averitec,9bde192fdda475f36d5f64d6838cc1aa9a6e8e1cb0143073626e063aed5745da,1,0.98942137,1
averitec:2616,averitec,f381ae4d200bdeedf078eb17d50f7b82935e61554acb58ff11129e9357ac5482,1,0.9927671,1
averitec:799,averitec,bd60ed6bbd8fefbc23c791df346168d3eacce0c90cc6e19ed1fc59f25e292ea9,1,0.9884614,1
averitec:429,averitec,bd773e1aa44122cdb1c5318b14729fc230ed7ca956f8f9ba50a0e7687f77bdd0,1,0.99221957,1
averitec:2590,averitec,2b729c9899a80d567c2100741f6af1ad2fa3764a15c5b80dc3061ccd93595263,1,0.99311346,1
averitec:111,averitec,e5475efc88425162fac2f21d78e479442b8f0c6deaa8750c75d4f8aae7d2b0d5,1,0.9913345,1
averitec:450,averitec,df580e1b88386b4bd226067bcabd698716aa7ea709f72286aeb184d779680e4d,1,0.99262697,1
averitec:2045,averitec,bb5659d8cf19b80c5127ddc179361593265cfde0b71eabd704555445560b4832,1,0.98467165,1
averitec:1788,averitec,b93d3766393a44ac8f8ad6d5ae54d6001bff23a5010a58fe6e5dcce36d671f44,1,0.9697286,1
averitec:766,averitec,4ed293ba00c5512f8f80f99b6f7a87888b5cbb45cf478e4cf00c8eb57b5cde21,1,0.9902884,1
averitec:855,averitec,c9f6f3f6455dfb7b81bc68eaa75ceab3639c7626c8b87f834d6853b817babc4f,1,0.9884962,1
averitec:2842,averitec,d8714693cb8ea2a65adb34b641e0d09d6d9134dc8042eea3f1d92bebd70d981d,1,0.99362457,1
averitec:516,averitec,7aef355af56cac594940353ad98c7372dfeae63e2bfecd88f5650fdb4f244184,1,0.9867842,1
averitec:1785,averitec,5126d673fc14fe6f351efd8fa8afa4a729b5e25b3842ecfcec0d92e836ded2d9,1,0.9883541,1
averitec:2333,averitec,c02d34be0ac455fce3d43b5cb2bc4d05a808c8d5af4acff67618511dd3acf089,1,0.99295217,1
averitec:651,averitec,60485c038cf4ac01042fba774b6fce014d70e644ad33b2b30792b66dc54c177f,1,0.9529464,1
averitec:186,averitec,6b79661674ecf33ad6a338991082292687c9eac902e5afd564d7585b37bc0a8f,1,0.9918858,1
averitec:1286,averitec,13df292a3dea0f272b7dc670f5890f9c39df73e20f5aef914d9315fa026e0868,1,0.9929128,1
averitec:430,averitec,e7a100dd312b7423f1da8f01f46695abf5a6e60b44b55638ef1717c3066af3d4,1,0.98240924,1
averitec:2358,averitec,d5a51974899154ac8122791ba00c7056a80b19891780457486fd97f943f89415,1,0.9937171,1
averitec:1977,averitec,77800308fa9a3506e632e9518bb1fb1c19c88c0607c3436997fba9277a204007,1,0.9866729,1
averitec:209,averitec,292e59d5464305945a5591b0bba4480e6cb91f33b770dc757e4faca084cdaaf3,1,0.99076825,1
averitec:443,averitec,ec838e096bccc1ed45e4383ab83f2c41cd303ff7f83208a8e002c29ae27fcb2a,1,0.9925282,1
averitec:2083,averitec,5ed4ca235e3808b7c73c5ac63d28e0448f3549559f9d460484fe25f002f1fed7,1,0.99380785,1
averitec:1067,averitec,9babcc9ea3925605c26e0ba02e539a21251bbfd2fe85fc704e78e364ecd57a90,1,0.9853748,1
averitec:2019,averitec,5e01745375adf9e5f6d7a104c9f24515d9f9a66bdab22a96009147c0238394cd,1,0.9878985,1
averitec:2180,averitec,1dadc99e35ef862244aa1231c46ae0a2850516a2ab6721ce87793c327f3d22ea,1,0.99098784,1
averitec:3063,averitec,c4f3926ff5d727ed0158fcfc7addc786a43824e723ab5fba6a9243f2cdf570e3,1,0.9745181,1
averitec:2722,averitec,fa9fbd1b0357ffbf1ddfadf784a642723b01ae42faf8f4ba01bb59bb4a9cc3f7,1,0.9895147,1
averitec:2923,averitec,9469f963d724738b85e756bac31640f9d0681b4e19e890f8a56fbb586417f5ac,1,0.9900185,1
averitec:513,averitec,5cfbcfb8d8c3f647093c5390338a4dfd1cbfce884edee10e6381de3fcf9b183a,1,0.9367896,1
averitec:783,averitec,97c01aa796ed2701ee0a24207467500bf513f60090b7f2dd1de87bc377c57c60,1,0.9855537,1
averitec:1892,averitec,eeb979110f0fd94cfc456a61a1519fe66864a5a0b76b979cedebba272b74f253,1,0.99262416,1
averitec:312,averitec,630b9877616f594f5cf5290aeae5ee1889e792d5ae16b2141ab7c147db52a81e,1,0.9770244,1
averitec:1611,averitec,fb278e402d8287c29cd16e40787ef33be7a3d7b9fa2d5c4dd975883bdc1c7a2a,1,0.9854881,1
averitec:2852,averitec,ee82a84d2f9ba2d9c1f3a1715d36566406e1cfb86b5c14eb42815a2aa79c1a5b,1,0.9880022,1
averitec:2541,averitec,b68cebe94ff38b00a13d188a9bcb03b99b6796b2221da3203b89c578d5888b1c,1,0.9897031,1
averitec:679,averitec,2e5607d132694ffb72291c73b1e409e14f57a69a13b3c2b0fe5d4d7b9f71bd94,1,0.993036,1
averitec:2435,averitec,f28efc250f57fa4a0e11e342c080646ddc48d732cab2d9351c08f2bd653730cc,1,0.98703474,1
averitec:80,averitec,91c5cabe0a00b5f8e7fd35e0a2e1509c2f8b2d16862a062ff0b7fbd0284c0147,1,0.9927549,1
averitec:97,averitec,ddce0732dcbf9727c310ffe1e4007c9f373fc09a411583f35d798292e8833025,1,0.99234384,1
averitec:1807,averitec,7e6f37b075b26552e4ac93aef0e210970db205521979e85eaba87e2d7bdfd4d5,1,0.9902383,1
averitec:2482,averitec,8dd0b42e78a86e702a56acba500ed47f2b9c192270c680a6c3e8875c5cf4f8a2,1,0.96222264,1
averitec:1477,averitec,ca658a6be35048e55ce921ad8456fe763b55ad0aa0dba0a8c37f6aec2e77f0a7,1,0.99143046,1
averitec:2408,averitec,5dc7f3d636ea9e4bce96c9b282746c464508c5039a9757da602b9029cf5fca77,1,0.9936754,1
averitec:1558,averitec,5719294304947f8155cad28f573be5a432e1ac16e92eba695980f407f376141f,1,0.99325997,1
averitec:79,averitec,517a3361f042469fb5306cf6335f069b8b10ce1ef81b142c37ca8f43bd6c7e1c,1,0.9927741,1
averitec:1857,averitec,589315b2cba361203579f5b2e5db7606c0c4466e33deb83c6cb9f4ca6e48210a,1,0.99054635,1
averitec:2393,averitec,ccc39eaa21fa49be183c88bb22c047e314bc3b0b4b718aed03ea208b322462a7,1,0.9912951,1
averitec:1288,averitec,8a7b998c3001c1b6f5454186fe6f0eebf72c46e37c6df661190b464d5090aff0,1,0.99025995,1
averitec:2325,averitec,98b89eb63916a73d48cbee404feb1d36cd3ed7582a542ff8ae98cbe3befe360b,1,0.99251807,1
averitec:1030,averitec,84df802d0e8476b165af2362e06246b7f7b5dc948c2199f2fc5fd61a4cec0e3e,1,0.9893779,1
averitec:714,averitec,cc2306fd933ab894edae78398a6a1512c498df9cb5a29bc0b60e9855bb21ef8f,1,0.9909424,1
averitec:1270,averitec,547c6c4e7f64e1afa2177efaad28ee8553dd21b6f1c0a3afcf77cfda6f71eed5,1,0.9914794,1
averitec:2544,averitec,d563a6de5019f9ce2dd5f911549306dbc718d7985b4e172faec7348b61909dc2,1,0.9863788,1
averitec:1089,averitec,b86cf56763eb979d407e2b6eefc848bd5031fdbdd07349f8687c0e8a403ca391,1,0.99273634,1
averitec:466,averitec,d298689eea5b601ac2496619bd3d4cad9278987d5867f5da708fa42f641a0353,1,0.9755819,1
averitec:1341,averitec,f77ab925e4e28e9ebfabb6f0cb0788469908f034b6befbb48844ace32debc732,1,0.98891044,1
averitec:2279,averitec,579d02974920d0730c74aabe850725896cfda62e5a2df51da09a7b7230a7326b,1,0.9936465,1
averitec:2477,averitec,5e27f2e8ede7127b3d600d026818bd44d0bf9aa9e3ea1a5f3708bed4e974f995,1,0.9885356,1
averitec:2853,averitec,8807d0b2afb33d2784f07e254ba4f5db38ced7b07505a1db39c6850dcf5a2524,1,0.9893602,1
averitec:2040,averitec,98ef3d5b8193f6fc6515c7f30322eea0ecc96335ad4dd5f4d53485d68bb9f47a,1,0.99309796,1
averitec:468,averitec,8fd66fe9801984bc66d2b19b85355784a5927c60a7dfa87cdb951fb054ecf71f,1,0.9934408,1
averitec:1687,averitec,42f317387e24a8da8c9518a034bc6f7e2c1e92fd52a12754f94a9d8d772bb76f,1,0.91874766,1
averitec:1051,averitec,a490c89cf0f37f098b69919f338e2fd5094faa158999d9f3d0ae495e70d3d768,1,0.94472116,1
averitec:2137,averitec,87355a086ace11c82b312ff0cb6fb1b2335ec41b3bfc96e879d39a3fd104f8fd,1,0.046598412,0
averitec:369,averitec,6cba63a71024b41848ce00ee4f5dca18d41887c8a7fb67976369012efea0d485,1,0.99310076,1
averitec:2244,averitec,eb7d5d83ad3758ee6d2216f2787d745f35341f3274084160b96eec6d1c7eceb8,1,0.99411076,1
averitec:1596,averitec,65ca8344a0d6a3126e01fa6c9efe768b58c2b1d3f4903cf698efd2c5757ac2d9,1,0.9815216,1
averitec:2250,averitec,09fa7aa0820c2b6aeb742a72474ccf0e3477dc9ecc87fe8718011c9036fca8bc,1,0.9884979,1
averitec:390,averitec,905ba5b796b91dc3811cedd7ae52837c7265f6cbc553960d90f1efb216237a4b,1,0.9931666,1
averitec:167,averitec,c988d5a9a9fb8d8e46cabee680cc03332b04f0b3394b9fced1ba2b05f4372e62,1,0.82775676,1
averitec:2900,averitec,0d43e9aee50c4cfac804222978e18dee9e4e597182262cc9691d978f78aea5d8,1,0.9844535,1
averitec:758,averitec,cacc5dc732428a799af17658c5cb7e4c9ba91430123b03e700dfde8d56e3dae8,1,0.98434573,1
averitec:2197,averitec,3fa24fd1a2ca5feb4cbb9a6c4f1abde5e3d7627710017b5b5abe008a6496a89a,1,0.9913953,1
averitec:1897,averitec,4cfd0a9fb57b7cbe3945012df23fafe7104465f794705c3dd7427c818a19ec5c,1,0.9917257,1
averitec:2171,averitec,3f86602a8093bb3c98dee209063240cc54a1ffc6dad86a7d0a9b5f7558b626a5,1,0.9890625,1
averitec:2835,averitec,b411f9b6e65404bb0f76ec4025ed45dfe671749bd98e7669d4fc3a08217dcd12,1,0.9881294,1
averitec:913,averitec,f5227cc21aeae5f807793a9ff81e4fede5e6e18c9c01109939c30397318bba4b,1,0.9712644,1
averitec:1114,averitec,6aacdbe9a27e136d451d913b986d3c7f8990def564a412471c7e8426b90cc883,1,0.98880273,1
averitec:1676,averitec,58f9cd202ed1e5cc4433e9417b55edc98d85a6323c3297ed1f211f6a9c1cc67a,1,0.99023205,1
averitec:1075,averitec,06897ad74de316c237d3e8c1a3b53ecdb425ee44daa229e2780cf72f2cd7a5f4,1,0.9908217,1
averitec:1016,averitec,18ae9a5756fb62d34112d5da06e0a4fce11f3d72d9c8d1c96f63b487c324de4b,1,0.99335927,1
averitec:2310,averitec,2993dbc7833c3a559da7c5bc13df6e467953ca594e96bf915bb9e272d7903421,1,0.99237204,1
averitec:121,averitec,87e01fcc0cd876f25c22fa32cdec6c8526bd1de747d1a47c56271e549aeebcc9,1,0.993863,1
averitec:98,averitec,3789be93a15b17ae316fa7dc2e0e19fd98da044b7c38535fa3a5042ad4bd1420,1,0.9604198,1
averitec:588,averitec,7054956ac609244300a890d2796b9144cb181313b1894871e2e48d868a3b2c4c,1,0.9803687,1
averitec:646,averitec,a3058206ec7963e1f7b9dc82413fe73b992e98f8fc32130297d6e613e2822970,1,0.9936405,1
averitec:620,averitec,4e90052d0d18e9e643f3df7d32caff6a273532825c546228d1037627312656d5,1,0.9916386,1
averitec:1233,averitec,5fe93f9ab6249a5b30bc2a61cbb2dafcdd3c9b1c34ab47d711bd9c36456fd2bb,1,0.9917571,1
averitec:815,averitec,92317b9d65813af9b17453f5f138f984d24c005385f5fe27be783a0c579e033f,1,0.99335265,1
averitec:2878,averitec,8ff5e2444b9470dcca7f856cd0bf79e65a7b0b5068e8f2c0e17c690766319ce0,1,0.9826393,1
averitec:2270,averitec,3c405a8c9afea5a72e78433a6836640564c07a6ddb2b1d1e5fa9306b70df5165,1,0.99205106,1
averitec:153,averitec,219958e253111a0e304ab2f86d0c38f99d4aac89500caef2b5888190d7dbf4ae,1,0.99277204,1
averitec:726,averitec,16e0e3ac343462481c5c575282d72776c4ce0101c96abbc5768d346ce74983b1,1,0.9926622,1
averitec:2613,averitec,22b545016b2f1910b6384ba34937f0517bad379f73ffb7cb6dc7e325295e7373,1,0.9927394,1
averitec:2888,averitec,bb035e4c7539096f2eac34f6c6baf001e7bdf664c42dfe1b6bf0152f25dbe901,1,0.99098384,1
averitec:1641,averitec,bda2401a2cd1a38e7e3174553da9f57e2dbc17ec51f1eb26bebf9afb916a6476,1,0.9912914,1
averitec:2224,averitec,8277f32001369cfc2bad368ee40c8449855615ceb580c65bae15846668c7f4d1,1,0.98568463,1
averitec:1499,averitec,5a421999647b785204c3b4e8c8658988685b6e97852f2741b620a6d9395c5b8c,1,0.991585,1
averitec:1742,averitec,6fbd3008f76c3579f5e49f4e7ce21ff718022e627d8744087b9b527af0a679dc,1,0.9825842,1
averitec:2289,averitec,5187a3cc1826902df1c750657b5f8eb9f04b44676b224edd4f2461a7a426b79a,1,0.99333847,1
averitec:245,averitec,6b031f3944b14996fb0dd305d5f78c32d09e338fc6b1b40e60bf5f881ca03b87,1,0.9931931,1
averitec:2472,averitec,9b0e2a5ec4513cf2c060896c2a9f65bb236d9cf0301ff2e51cc656060afc44d8,1,0.9912396,1
averitec:3052,averitec,67c62ce050b0097e56f39303220742b61acc9bbcac1c01c7616f3a53451467aa,1,0.99151623,1
averitec:2594,averitec,03b6eac8bebd682dea45c75a8697a7eb9023e555db3523b963eb3039ac890334,1,0.99198616,1
averitec:585,averitec,0059023d209618d0381efafac8f1a44743c36d5c400aff6d2acd0931a29dba6c,1,0.9283233,1
averitec:1101,averitec,5a2a69fb0db086013eccd52743ca45ab82408c615149393f1b2329ae78bec858,1,0.98933744,1
averitec:1722,averitec,be07d0b1a8eefb7cf4aaae115fbbbf1c8040acdb9cada9d3cb8eeda2c8bfd12a,1,0.9769498,1
averitec:1347,averitec,6ebb21561a423a23f5e2ceffd80d4437c695ce15b9858d91d4afbacf2226fb71,1,0.9925856,1
averitec:1357,averitec,fa57747f6d163acb5170d3570f69525d31ab02d19f7e1137e807498327c18825,1,0.99180436,1
averitec:1509,averitec,e2a30f6175b2cddd043408882bf8c8e1a577fcf4025e02a1c2805a0abe21643a,1,0.9923314,1
averitec:1498,averitec,98038999298bbb390f59e1f1533265202703c03bd3cf970e7f1889105956cba4,1,0.99030334,1
averitec:2920,averitec,e03d98a569e5146633282adda34993c267a8e2e4163bfd7e89c2db2cfbe893cc,1,0.99166834,1
averitec:1382,averitec,90bb811d4f958e7a3970858e9cde82ec97476cacfdb54531ce18916f187f6ae6,1,0.43482584,0
averitec:2973,averitec,e0c92984810a1989df28816cfe585d3b55267d82cf4e554ded06b7534c6dd6af,1,0.9913209,1
averitec:112,averitec,8f06df5e97260c578ff846b7466a77e21e4d9dc94cdf1c8902b7fb5d5f6ef8eb,1,0.9740148,1
averitec:2571,averitec,ff98f1676839ade20aff75a39bc7987397fb6ce60303e8b66936cdfa86c64fe8,1,0.9918018,1
averitec:764,averitec,b6b54b0e360b9aa8fa6434cac9f8a80a81b214fa24bf932b74f957b520845f11,1,0.9925816,1
averitec:126,averitec,e66abb8e57bd5107630c530441bceaca196d6b565733fba6a6bf7fe66c90e32f,1,0.9940078,1
averitec:529,averitec,15e798e21dc46fe282e9034a6f55b399431c3769746099be9c2d062316f5cda5,1,0.9846518,1
averitec:2469,averitec,3b417f955f24b1c5547e7d1626b2be0d8904e7c7accee9118eb9302c442944bf,1,0.9909259,1
averitec:1748,averitec,89839fb46f94913936e25bea3b8ae497049de929ef685f1102e5aedcb315ff1a,1,0.03491919,0
averitec:2290,averitec,ac4cb0e7f31eee5025f73bff928c28942b8d1f970285671055051984af2875ae,1,0.98937,1
averitec:1479,averitec,9ba4d4f6adcd71b4ec9f8b57a8f97af20a7c5a432a9908ea22d2e895323faa6b,1,0.98290414,1
averitec:2991,averitec,b6717635a9c57b9af59f8e7ba8bd1cbd0dfc8c886378d5df0a90bf401d13cd52,1,0.9892013,1
averitec:760,averitec,391d99caf011b284389d733fcbcac90cef93b14313596ca269a0ca635f292f58,1,0.98291636,1
averitec:2804,averitec,c1cca80f1af7892c1dda262538055444c6c8ac5c3f8ebf44e7195bd7dadfb063,1,0.99310607,1
averitec:1619,averitec,516377f757852e4987110a867b373afcdfcc7ac0e28ccd0a407e15ffd45f8f34,1,0.98740363,1
averitec:37,averitec,f5c915f161069423404dcf343bef697302b25695190c079b733cf56d19ebd732,1,0.9933495,1
averitec:3018,averitec,28239b4a155202109c7fa8ac9bc15cd7797255e04c7d5ff2779df39d67fd2250,1,0.9918006,1
averitec:1647,averitec,2ce0282e794871c23e3811980ef2f57de16967f8013583f2c6c950c3da8d5488,1,0.99176764,1
averitec:2259,averitec,dd9a0c6f6e7a49af289ece155718bb065a26ddd9c89a51295ae1fd187658f34c,1,0.99225336,1
averitec:1554,averitec,5e560a5cd88f8f1530402a7be0228dee71dcdb8228583941fe0eaa38e7b0a516,1,0.9932382,1
averitec:755,averitec,e00ee880590b8c549405f1dd709305d3566bbc2f21d6b1c851acf96ba5936f49,1,0.9888825,1
averitec:2709,averitec,69aa0f7ebed7771dcc80bab2c656e4b2d8f62afad69ec0488867e6d6e6abc7cf,1,0.9916755,1
averitec:2068,averitec,b595b081f9f5125bc2839dacf3edb4b46e6c081bb572890ac0e25fec1f3420df,1,0.993276,1
averitec:919,averitec,2768b30ae433fb1c6943d334931571e76e3977742fcc01fefc06f57b47afd926,1,0.97645116,1
averitec:1077,averitec,9d5c4efc45cbf094eaea8f22eac27fd029a75c070314a694ca1c66efa8a7c2c4,1,0.9917026,1
averitec:1464,averitec,98a09aadc6d3737afb89009cc24f17bca7e001a74cd97317cad5233279d33232,1,0.99313533,1
averitec:1523,averitec,1cfb37da57304a1be613f5101c382fb467971c2cdf961546f96736c1ec874714,1,0.99291176,1
averitec:1844,averitec,33b3b3ef5439d282f0c49802bc959bfe08955bdc09605d3b1ee66e8cd3162c25,1,0.99003613,1
averitec:1415,averitec,95dd693a3bf7b020b094dbc1edcd12e92db0e5e298d3319a963fae774f4928ac,1,0.9929657,1
averitec:1923,averitec,cb2a6cca72c10d9167d96b96fdf4d3c85c7d0a9f0c3b73a120793501988d316d,1,0.9742309,1
averitec:2498,averitec,8e82f3fdab0236b4a85cdad1c087352d890d58b9dff62092363fd2a20e62cdd8,1,0.9907549,1
averitec:1578,averitec,c9bea97b4d5c3bbd90e90dcaed75102290ba6b4ba6c683ade1abf6a738ea017c,1,0.9883109,1
averitec:490,averitec,0aa5700130e56d9194be7f689435bad509ce3ced859d8bca832377f665849569,1,0.9936299,1
averitec:163,averitec,89fead55f81ec13e9d1b19ddfa18d797a2fe99cc0f1393494c116299ddfabdbe,1,0.9919647,1
averitec:721,averitec,082861aeb357b82d90ee4e842eb4d12a63a532487fbaaff3c38ea72b25896ddf,1,0.9929147,1
averitec:2272,averitec,800757db45b39f4694e1fd654321d45975ecb3de5e03c3bf9b4c260e173eef7e,1,0.9909499,1
averitec:1803,averitec,65963aa17ab36df9e00358dcdb651b1f9bfb6bd69e56aeb1ba7c12a3491e8b78,1,0.842348,1
averitec:938,averitec,fefb9d2fb583a06bf8e48513e5a80e7c6f0ef88eb60d6dfd95c33035e7629332,1,0.98557323,1
averitec:418,averitec,17b35407e468de054e12d9d5b737f2f8c5445b308596fe19c4b73414c55c2798,1,0.9932053,1
averitec:1275,averitec,a22561ec374dd2851eceab75c63c633089751a00958516f04f7886c4cfe43f4d,1,0.99147284,1
averitec:2659,averitec,334487e2ec56717c8ff94e0a2cc881285b24458202fc13b8901d493a9fef3dcc,1,0.9929074,1
averitec:692,averitec,3f02bee1e464c4bb3d80237663ee780169ef452c99cee9928bfac2172f5a527d,1,0.99369216,1
averitec:290,averitec,7d99cd99639ccd387506327cd5b8acf2e035b1e4b74861092dd44167cfe6fb8c,1,0.98872095,1
averitec:383,averitec,131ad8bea2bffd798ff02c0cb2e7bed7fbf77e5a7ca3c3e198f38ea60460c5b0,1,0.9939207,1
averitec:251,averitec,4c251260d5212b97815e6a7aa9836d2b3c56afe3c4d0e6061a26b67967a6ee15,1,0.9941022,1
averitec:17,averitec,72d52a69c093cfb668227958d0caf028fdc1cf513a6d601b9baaf0065d9e93a9,1,0.99172944,1
averitec:2065,averitec,7a5fdf31805a6b084a7a00db5ddd3689fc9fde2c1663b99ef77856fa679008e5,1,0.97459304,1
averitec:1734,averitec,52822ad5a2e51478cd68c94fbafecb566459a3b8cccbdffd03e3aea4a847cdf1,1,0.993936,1
averitec:44,averitec,b17d2eb70495dc88f94ef275242c728cf7f8729cc22772f9126ff574575945f5,1,0.9753313,1
averitec:2080,averitec,27795c8d361c9dc833a338bda7d46a5e7603eabaef600da2ec48d1250708b13c,1,0.993457,1
averitec:239,averitec,22fcc54d1006632884ac98bd32b7b17040bec022801525b73bb36d4e05e3e86f,1,0.9937296,1
averitec:759,averitec,6deacce2b6a5b43182a194b24b401b8ae50373e10812ed25417ea648fc5016c8,1,0.9916522,1
averitec:237,averitec,bb0ed6ae36901c631dc31511623a2a83dc9498579a234a3a460c23820a057f14,1,0.9928893,1
averitec:2717,averitec,9220bc376d1c49e71045efe664d27d7bb5880e8c1be4eb5cc2d8f7cd854c41f2,1,0.9932886,1
averitec:183,averitec,29ccce8d81971398adb03d9cfafc2de30a3c4d5198ca216c037f4d694a778b25,1,0.9930821,1
averitec:2274,averitec,f4cea2d9481db1e044e9f95feb9ffc2eee6bd13a8e1ae07790094a8c3af5d70c,1,0.98750013,1
averitec:945,averitec,8f39a144787823548dabfc746d00e9450cf9ca67173163438d651fc601692a2e,1,0.99070287,1
averitec:2867,averitec,b37815d2a1563714463a26ec43ded327e2615145fbd312f4e4a98bfbb9dd36ff,1,0.9767318,1
averitec:1438,averitec,c40a855dd8aaa50c151f12463100f1418b5f241b1bde76bc2c5d965a2f588804,1,0.98699516,1
averitec:607,averitec,162c3cd77ec876c8f00122839bfe4c1d25c016fd42562765b575823c5c9bdb00,1,0.9919777,1
averitec:682,averitec,f40d310931167d1aac15a1e92d4253fc404e0c06a1b27d3c0f8b62363016ada2,1,0.9895719,1
averitec:1577,averitec,427476862deccda57989373eed52b253f44b519733115276e4fbadd711cae0be,1,0.99156135,1
averitec:1537,averitec,e204854797fc2165be61a180c3216b02483bc5c70376f48053c19535d181294b,1,0.9850108,1
averitec:41,averitec,c9a0acd4418c4a69ab082bd3c5b18f9d50acc74323fbe13a75b1ca3eae942d8a,1,0.98905724,1
averitec:871,averitec,750940671d200c00b6bdbc3a0e56d638d0f95fa56c2d4c98ee3301b4b763765d,1,0.9886346,1
averitec:107,averitec,304fd27b65e8c98319038d02604880aaf9db1584c52d75ba14e296b5d5feda89,1,0.98785466,1
averitec:266,averitec,e1c78c2b82e9eeb97ee1ae74b53a5f3b87b778ee0cda76c1401f473bd214bd9c,1,0.99136364,1
averitec:1791,averitec,8a09446472e7b7d264678b40f82737c093622d43d19be06738139876f82f1d4d,1,0.04669374,0
averitec:73,averitec,dbbd5299b64f32e9e027f859261bd1649107eec046f57a9450c19de316826d99,1,0.9925022,1
averitec:2281,averitec,eebc7c806d88ccd295fa16523597e1249d34d6c3c4ec44b14c90112e1396cad7,1,0.98644394,1
averitec:2255,averitec,9b20d55fe5d0c65400b06365929b837a143d8dda2b221b848db36fc5686ac8ed,1,0.9937244,1
averitec:2336,averitec,117197290392504c74697944a90be7336afcd2aed89ecb3bb0f0f38a60e679e2,1,0.991791,1
averitec:598,averitec,6422842698349c3b1e4317a133a7df4ef7155b7d96df1293244855c40bc1372d,1,0.99395657,1
averitec:2371,averitec,050fef2c27e675a7700ae4d0547ace32eb3f3501c0f765f8a897ce5c177c860a,1,0.9935921,1
averitec:637,averitec,6c53f2a2020416c74560313402bd9a48b668c3ec20c9a48b01d3048628dfd734,1,0.9934076,1
averitec:1782,averitec,22a4410bdf4c83b2671e65cf8670331ceadeec9b7b379836ee3be24cbe6a0dbf,1,0.5688734,1
averitec:1564,averitec,91a8bdca93006343c8a771695621c09384bca88c33b4e8ba06b79eebe5ab92f4,1,0.979732,1
averitec:1859,averitec,c9cebb8513d8699797b13a77009b187ad0c5164df7ea0f6695276b52c4136b49,1,0.9898009,1
averitec:786,averitec,ef1bf19fa3cfd03bae2d507ed99cf401c69ef4007d050aac4a0cbb2815e0e4c5,1,0.9876203,1
averitec:519,averitec,a35147db564c981c9dae04a2aed59d02f0f28dddd8c70832d2580b69dae0e98e,1,0.9902456,1
averitec:2253,averitec,8a467727a7e87db57d7ea1568949006e93a9de529c26bd21d14eba00f324e168,1,0.9923333,1
averitec:1643,averitec,f7a97c05efc00f8a01f76043185e0cacaec83489295b08a76c72c12d9a0acb12,1,0.9927026,1
averitec:2679,averitec,398587d93fdab6a9847524abfc20e37d253e0b372b81b607f6e3ae6e19f83c85,1,0.9937495,1
averitec:23,averitec,78ece61d348a2b6099f47fde7f8d233989ceea41af5e7ca0cacc234287c162ee,1,0.99119437,1
averitec:1133,averitec,ee548d7291654d02fa1508629e568a84677abeb581701c69b2fe14d72c3d2367,1,0.99144226,1
averitec:1392,averitec,91f49755d10542a22a3b8704746543639d5c625fb2e5ea8c967741547361f2f3,1,0.9889776,1
averitec:844,averitec,ecc29f4ff7f637d3fdc2eda94fd6766046c3ec65e6204b12886c651a9f257e18,1,0.99026066,1
averitec:2668,averitec,e22abd3b1700252e09d5473238e6495ace5bb2411d44848ed2902157f7dc8446,1,0.9924892,1
averitec:172,averitec,5eee878efe4be281513b38193789d2e50b5607d84001396efc52846f8374a9f1,1,0.98824394,1
averitec:2479,averitec,72a025f76695bed4c22a4acc26ba502b5e4882871636c99793028c1dcc55aa67,1,0.9914418,1
averitec:1691,averitec,d032806698af26272e84c16b811d5e6dfe02b5d05c305f53100dd32b5822dfb7,1,0.99112153,1
averitec:2190,averitec,d03493d648e5d8299b1c85f43a9b7e98deab7b28a388832bd38aa0a6d8ce2de2,1,0.9912129,1
averitec:925,averitec,2e3cd0d9342beef2d90d6708274520c0c6c471ecc00108e423c7c8457362a866,1,0.99258935,1
averitec:640,averitec,a69718ec9012c93281b8ecfe481eb92e1db7b442af741c21e38f1c035643a6c4,1,0.9845521,1
averitec:440,averitec,38e963a796ab04e98989e268afc4bbfec665b341b9dfc9261d8ce2edbe854faf,1,0.98713416,1
averitec:1947,averitec,65148e67efef15fc3cabda118044fbfff2f017006c3286518d406a30ee0325ee,1,0.99279094,1
averitec:2235,averitec,8e5d2cb5c1aeff008f1285f83a304f38246326fbdc31d36186da984c64ce100e,1,0.8734002,1
averitec:1313,averitec,fb233f056ddea7098345c91139b545eff767f5eae6b2417c81a89b7cebfc64eb,1,0.99008405,1
averitec:1865,averitec,7629dae2b37f8b84af6e9cec67fa06379d1b7b1f0058cd88053e7c1b145ca814,1,0.9906921,1
averitec:2347,averitec,5528da8e2e1ca7d60d7f54a26249a891ea2abf0992f8c56a98265e3c48f69dbe,1,0.9907259,1
averitec:2211,averitec,86bc96cdecc2fa436f9d68344657953a0c4312118e003a2b9dc8c240a6fb5032,1,0.984565,1
averitec:1626,averitec,befb211477d4e734f246daa033e71106d1e0f3a4652be56ca1f14eb511e769d7,1,0.98242974,1
averitec:879,averitec,2b805f9ac68e1d5582dba49e80bdbdcf7190e4e11fedd0218003b462e268fe32,1,0.98759395,1
averitec:1519,averitec,0fa3aa8a881dc89031835baafde6e367c15fc4e64a1ac2784e3d504166351baf,1,0.9928133,1
averitec:2939,averitec,36bb1d33a69e2d786aca54ffc7b16fb2396b5bfa15f0a0123e5ba08e1d453f74,1,0.98770344,1
averitec:227,averitec,e923bb6bb097ceb07f0fce0a9a71045782100d42ee47b5e893b8a331ca18e6ed,1,0.9926058,1
averitec:1224,averitec,bd49a492c8b3736d35d8093346786c3327caf3c139056ed3e4d192bbc4169ef5,1,0.993248,1
averitec:2901,averitec,2b16d9ad70c857a8da60e6466e2c22eb9ab26e0b903374a65638445976d3a032,1,0.9938838,1
averitec:2684,averitec,cbc9f536267cd4099cc1c061abe673675e445c3cee663f82e64c0b05d779b9d9,1,0.98880625,1
averitec:2308,averitec,667d928be5241f57486f4ce0102e94b57026b7602061dad6b4611edf0e67186e,1,0.98964137,1
averitec:2577,averitec,c1f70fafb7f5cf0b3aa393630434dbf006fe9ca4f29189e628a91750d279ef1a,1,0.952722,1
averitec:2720,averitec,12508a3704149028a5470d414a2e70a632baf8ea4c5092a736cb00feb4fa3621,1,0.99218655,1
averitec:1421,averitec,3f50ffb56692f0465b0a3e8dbe81c3694202adae7ff2d59e1d452ffec2477006,1,0.99029213,1
averitec:861,averitec,e39a7738385681c543c5592cc80cca62583540010169290af4591574fea88df5,1,0.99129534,1
averitec:2766,averitec,fec6385fadc9ec1b293b50a9887cf27215466ce3233715856057c161ba6e480f,1,0.98890483,1
averitec:2905,averitec,655bc6f9c6b6f759e0cc369191bfd949b16756173c3cbf9768f4722e5c5de5bc,1,0.9921428,1
averitec:2410,averitec,5a83b35cab2c30586832ff5b71244beaecf0439dae8a5bbc88d94a76df177a90,1,0.99287546,1
averitec:1466,averitec,f62a0e00eac99430fa06673c9c6bff768ce4692a32c0a0eba6699da8a1a9325c,1,0.9927389,1
averitec:3023,averitec,94bbbe0da6a93c14ac861a1b7189cab534db3e9022ea87d2c4d399c18a391c9e,1,0.98787445,1
averitec:2591,averitec,196f8d920a895f169dbb8c82e187a2d5508710f37c557af117e511a934567f24,1,0.9831244,1
averitec:95,averitec,39160afaca8754e7c0008b5905b6b6761de85676e71ce56b491df3e77893dd23,1,0.99167037,1
averitec:2225,averitec,0f3e3f5b20fcb4f24a5db2708f65614a8c30f46284d712022ec8b5ca6284bef6,1,0.99294114,1
averitec:2856,averitec,452dbe20ef8958d9ae471a2ffb66e118affc6bd0b9fe6106e7705ef3d3bcd340,1,0.96475554,1
averitec:47,averitec,ba1c0357e6eac717a2f41afb78e9063c1a212c250b9fb337e7b9bb4113d5e640,1,0.9919825,1
averitec:2831,averitec,0563dfae52d57d76985fe5e9564789749214f65f78263fbc5c640d663e7751ad,1,0.99014485,1
averitec:1972,averitec,ab84135df3b8c3b8578445e9ccfa4e097127f131c07cf65babeeba7151aeb7f5,1,0.99116087,1
averitec:2205,averitec,bccb7169651051dad651b9d54dcc83d53f3e40ee0cc5745c2f03b6eadd588648,1,0.9903752,1
averitec:240,averitec,bbeee0ed50906c5706b720e486dd5b333ce0a71587ad449d6bcf9ff5cfa10212,1,0.99181914,1
averitec:918,averitec,7eef85eb1a1be62f94368187d65403b8dd5fdc0fd91cc58f7a3b37e2ba1fd646,1,0.12059234,0
averitec:2851,averitec,ddf0187d89639a962283758c06cc6800d165dc21e2309ad6645d16564bddb1be,1,0.9937279,1
averitec:1371,averitec,14f0369f43d75e3d65fe8cb1a8b630383dc01e6e9ead86e71be1f62c154d915f,1,0.98888993,1
averitec:826,averitec,4bbe8c9a02688d38d183474b76e459e383921b0c2466dcee9dffe44628e6187d,1,0.9922127,1
averitec:1822,averitec,693c8cedae73e9c8fb493826829815217b4537224a48e668f51a0a88cb592514,1,0.9938689,1
averitec:2882,averitec,711fe79cc7bc8463981ec2f513eb73b0de81faaf1d01d0661f3be602ba82c462,1,0.993218,1
averitec:3011,averitec,2645b67946715fdf7713dd67cc2e995b8ada5ee89224fe825c927c2c14d10c23,1,0.9919423,1
averitec:792,averitec,0fbdc874e3ae5dc25c7d66c9e848d6d78fd22b4fd1318d06be3381a96ec84d89,1,0.9916088,1
averitec:1766,averitec,a997b41d80815edffeafed10bb969886501cd8fd3f4191d2c27e696625d08180,1,0.98955894,1
averitec:2515,averitec,e86e801978de6f986097e52d586b53ae7f5db23f502a8f1d5457a5c260e22b15,1,0.99302316,1
averitec:750,averitec,580f72126706bd9f18200574201a031ac7b68a4327d05421d8b009985971a68f,1,0.98055536,1
averitec:1377,averitec,457601227f39b50faa10f15e3641d0008f91d951b86768d4491abd2fc82272d7,1,0.9836615,1
averitec:1631,averitec,e50e19164dd4db161c1e2e7dd1b9dd7e1845fd8010e50cdbf329046435040e69,1,0.95715,1
averitec:1423,averitec,a4965a4e57bb3ee2a5b6e728eabc688493d64619483ec4027b0920ba8aca7376,1,0.9873241,1
averitec:2222,averitec,f5947cfc359c6451c5e8d53b3522ddc1a9ebbe2ea2c79336bf0ec2af4295e630,1,0.9910745,1
averitec:2957,averitec,0dd9bc52cefd7e0bf691195b6426fcf4ca8a768ac4cef67003d8e16f7f65637a,1,0.9909231,1
averitec:152,averitec,6fa81213be9c85963b1253de89034792d953e6e1277b22a4fce08c4561756e06,1,0.9926226,1
averitec:1119,averitec,21509226b974a9a13685534b6138d0b5e8d6fc1f7c1c716bd027639f79424c7a,1,0.98946875,1
averitec:1756,averitec,b1e97552cbc83e7dd985997118a351b74ef836d95f1ab1e457b1443ff5e7c75a,1,0.9910087,1
averitec:2896,averitec,9db16422faf7a6d03bc433476abfd58acfa92ba93437d0284a07404db784c36b,1,0.9882101,1
averitec:2795,averitec,442c95b0c97fed361cfdd0c66b7b6752bec67a1bedeacf7d3858d93e4143a9c6,1,0.95998544,1
averitec:2315,averitec,1f52180910d2f40ba641e9df9711a338f86df1b88bf4e98be71e2b582f45bf20,1,0.99210656,1
averitec:2233,averitec,0eb17533502965f4ef092036665effdf1086e471a8320c0bffd5cc9f61951537,1,0.99001265,1
averitec:970,averitec,22cbe9bf46c56bc508694ef52517889fc2cd92b060f68a6f395da5f6451cf609,1,0.9803924,1
averitec:1533,averitec,cd9bc34ae9fcdf20405782391d136004cbc378eb28e8eb2950aa6249e123a3cc,1,0.9839649,1
averitec:1188,averitec,fb7bf666776313407796264c111e1abed3a61d71d578a70b73c9d258f6bd9126,1,0.9922436,1
averitec:2359,averitec,7f5c1900c6c410debbe1958f58034551f15e5d0fd06423d9e157a45851bd6385,1,0.9936752,1
averitec:728,averitec,6297318f8bc0ae41aa39e576d69243c0c6b3f382b818f88ae80bd69ed654e3fb,1,0.9927852,1
averitec:586,averitec,b14d1a740e2329f5fd832899cbbf85d757f1ff7cfeed2f20510036512e72d76a,1,0.9913789,1
averitec:2893,averitec,7b96c7f20c5afc189c0b02422edd132b9c237a1e8d2d68a0328086cc5479e136,1,0.9934493,1
averitec:2377,averitec,84d3f8b7e98f3cb07f8a60ab1cc68d82dad272d4c2aab019075da5b8e9e50165,1,0.9912867,1
averitec:2776,averitec,c339c1f6ffc95e8e2a5fb52a7b4d8be5f1d7e88be70426b2681a5aca62872180,1,0.9815309,1
averitec:203,averitec,3c3351709555f4ac976b2543cb16bec34c9f06f0650a7d2014c4756e2a72241a,1,0.9915969,1
averitec:1683,averitec,1e33aff5951807eaa4934ce037168bfa2bc4828886a8796930f157d35c6e8379,1,0.99071723,1
averitec:2538,averitec,d29d534648111839573085b4966543607181d862607c8f63df706584809ca2c9,1,0.9935901,1
averitec:3027,averitec,d9c01dafc7856de01ef7d6083a0c31c8017dae1acbb8214f507171361264bf5b,1,0.98825836,1
averitec:2993,averitec,95a257be685cfc1ab262c117b5c818ca697df79b4de6c01f0a4865ad84dbcbaf,1,0.99116594,1
averitec:829,averitec,fd623e316c98d21d5baf84c8e9e6cdf5152d93a3823bf87b5f16f3b37d2739a5,1,0.98977894,1
averitec:549,averitec,c5b542113b2106483f1a59e06ec720b94bce5f6aed7fe558e55eb5978c5b0924,1,0.99313354,1
averitec:2407,averitec,e2545504e641e2900956156f94f9b6c7b2c065081dfcca1edf2ef9058f10043e,1,0.98614687,1
averitec:2218,averitec,27e1a4a0c003d3c2deea12146fafb0fca901dac5fef0975fbceb9afa0d72ae81,1,0.9883928,1
averitec:2539,averitec,92ea50143a7b7224c67dc34280f04b3e622a54fe4e66cc533aa956651387cbe4,1,0.9928919,1
averitec:3015,averitec,7dfa31b471aa4ee7f4ae86d8d5d616ccd2deb9857281ae97f3cd259a685495b4,1,0.9906848,1
averitec:961,averitec,f68ad1d83aa1f8dec7fa5a5ca3d409fe6887f6e2364fc0a5d4b7cc8add7a1598,1,0.9806567,1
averitec:1813,averitec,71fb23c3ce4b5afa690599774b0efb8239533a0f8f9d7504f94f7ec264e142ab,1,0.9931512,1
averitec:1487,averitec,69d5a728cb1671f58fdcce661fb0e5af32a970c76ff7c748081c3b871ca17582,1,0.97867566,1
averitec:190,averitec,b4fac9c0bb8a12a85792592842cd3e65db2738235079bb8ec35683d797337e50,1,0.99292314,1
averitec:2126,averitec,091dd4f29b26a824a2ebc2b4786cb8d7426a89c9fba24912a1480939dc041157,1,0.9856161,1
averitec:833,averitec,60918b3ec2bc0ab46d3b446f9704b64686d48b4e3153050c8f2d7a78b03205aa,1,0.992645,1
averitec:1014,averitec,e5e325b9a6e7d1e7582097869d275b248417f6755b8af6c1d819c6210ec7d539,1,0.99400806,1
averitec:551,averitec,736a2bc418b7c54a0a40b2d415aaae43c6de1c01d55b63e02340c8e44b1d08d5,1,0.9930762,1
averitec:1314,averitec,825120addfe424a68063bd0c2ca8d9635a2f152eaec0441b7f0b7c8596af8d74,1,0.99027926,1
averitec:2021,averitec,7ab08cfe53c7dc5b6b850d67e56abab604e9f5e11c3fdf9fa6b474573cbab725,1,0.99222434,1
averitec:129,averitec,6f35e57de27268ec71db6d7ec5de4efc876d01f6d785985903f9403b55453ddc,1,0.9915074,1
averitec:1420,averitec,1b3bb2e0f66bff75f933bc617b85d8d0d29123ed30aae480a3d64976fa6c6387,1,0.9920528,1
averitec:2154,averitec,1ba14aa63ce9a6a8e010d3a07ef9511018f2611c2fcbf9065e87d4354976999b,1,0.99395,1
averitec:2427,averitec,5b7e0d9d10e869dc6a9fbf645e3601b91180586faee3ea649b5ec0c7d413b57e,1,0.9926571,1
averitec:1960,averitec,b6f0dce8def290cf310eee0461895d6a13c0c6e493726d09684a4584cc3dd3e9,1,0.9756436,1
averitec:785,averitec,c37523775f98ba9cf2454f6a125d76c2dfb61d0d079d0ddde4bb988296f1fb6c,1,0.989512,1
averitec:2047,averitec,922796730ac62d249adb7f534afff2090ea9d238efc2a99236552473bdae369e,1,0.9901461,1
averitec:474,averitec,f1c6170fe4815bb36623da9f569ebae08638359162921ca4c7c3262dd4792f82,1,0.99165374,1
averitec:886,averitec,22715982d027f6f976ee5bcc295353bdc3f17391402aaee3b797aed95c1f47c9,1,0.98102987,1
averitec:2658,averitec,65d47d0d4570c66b683a7c2eb4945723fa9cd84ed0270fabe156e5e7c8d66bb9,1,0.99303037,1
averitec:536,averitec,2ed848b8e86d53424cf1b70d0c3ebbeef7115a90f069cfb11f26c99389490a41,1,0.99370474,1
averitec:896,averitec,70a8a6e2dd50e39619070091d92e9adae3fe7c96a3855c1aabc29e1636b20695,1,0.99021274,1
averitec:2499,averitec,6c033e8e133d16664088e205cd015d7722aad2a8a9997f23f8ab982acb5eef2e,1,0.8623645,1
averitec:526,averitec,6e459a0de6c727a12034a24a3b51729060eac10400f165a53ad9faefdd36eb33,1,0.99073994,1
averitec:188,averitec,1ac62c2915f1b9706d78c9260348d87f678c099cfee2717437bfd6c9b78a6427,1,0.9941744,1
averitec:791,averitec,4cf1993370a0a171dfa833acf78a4e53f2ca9d31c2a086978937578c270c20e5,1,0.9906046,1
averitec:1553,averitec,aef53fdaa6073c033bade28f6bf75f3804513fa0e887d2883884c422576ca15d,1,0.9922806,1
averitec:2296,averitec,ac8a788f74743f05bddbf0117e6a80e07db3786715bf65c895a693252cbe0c12,1,0.6950222,1
averitec:1194,averitec,677e14c367f8eae73fa7a21943c828910549c56a94f132e4322612f4f0dcf322,1,0.9929784,1
averitec:2117,averitec,7dbfa5b3a37cfff4acfc8710186c312b4f561e766e1e7b6e5da493c09c053ef3,1,0.97211444,1
averitec:1390,averitec,fb68758082c16dfc374770f4769c87ac04eb7ae2d5b5092c516fd0f3da2a5ab6,1,0.98942286,1
averitec:1719,averitec,759b0fb7dbf61875617118349bb8bd447c6b2823e58500e0c3f9c4689f393f6e,1,0.9646082,1
averitec:885,averitec,d19c70a97a6572d59b795862d4540573f215f2628d4f44d98ae4278d0c504702,1,0.9882752,1
averitec:2799,averitec,c9204d33b1a9e226ef9a933cd508fd3b2828d0c20de9b76440229dca39f1fedd,1,0.9866477,1
averitec:2512,averitec,97f91d7d0e0743a3021456aca60cdbb7fb988bf2803fa8da68fd06b173e41eaa,1,0.9922084,1
averitec:2189,averitec,f1ab7ba3ce137ce990e3429130cc63b2da9affd5e267c984a8f8192b583f1f7b,1,0.99002457,1
averitec:2916,averitec,f6f06222034a90b88d222adfcf4c6cd1a1c6bbc9be6888e3bcb7396729b61494,1,0.95511585,1
averitec:1098,averitec,c7de4acac69387cf8286cc0cd62cac0a9cce9785c9bdfe45c3185d051c1d9b33,1,0.9925465,1
averitec:1171,averitec,9aaed6352a768d301c9249705f17cdfb35422e7a71a86deaebcebfd7c1a504ef,1,0.9885592,1
averitec:538,averitec,efe9a3fcfaef99c4273c1d6fc8f9f2272b2df863a5cf4120864ed81815e2ec7d,1,0.98840916,1
averitec:1901,averitec,87a9a731dea3a777715d33a67ae45b0b28d828576044c26ec69ea34139f6f529,1,0.9398562,1
averitec:2824,averitec,15bbe87fbf6fab7d567dabd0e3f0612ab5d3ffb7c8d581e55d9b1d24297479bc,1,0.99153143,1
averitec:1816,averitec,1f9f5ab3a1811e8a8d068886b7130c0755322672b0242445eae776dd4b1aebf6,1,0.9356847,1
averitec:2193,averitec,177ff223aa3a29e1b54c7348d9492542a7b61528088d892968afe140e5077523,1,0.99303114,1
averitec:2542,averitec,4ae8073cd6bf79fe44f0d81da9c307085c2fd1f1da8436a04cf4a6a6d6cb140a,1,0.98083293,1
averitec:415,averitec,12a83dfefee29507028c1f3d56fd39b3988c321c35596a5068382416cb8c2b28,1,0.9914956,1
averitec:2827,averitec,6430723df4a6680a13196654a367c6e32420ed819250ec04e6ff04e987cea4c2,1,0.97025216,1
averitec:997,averitec,454ca684e8c1ecd7ac26a5ba598743d204c66a98c61b7860ce720dd7686e01f7,1,0.9526629,1
averitec:853,averitec,a171223c963a364ca0cbacfb9a6172ca0a7b4f8e6dafde928bf439935dcf42d8,1,0.98607755,1
averitec:1056,averitec,5cb2be4436f49690da6deed84b2255c19de5aa3f196f61f4f69b9a682643054c,1,0.99087965,1
averitec:2061,averitec,bc1e17b4e6a2c1c943216c5ff3997a01118ef614bd26bfaf0f2be6e9468f0cee,1,0.95340335,1
averitec:1910,averitec,51d76f15a75b83136f811408e9213df0cb37d7f1d34f09d57dc886dd006e283a,1,0.9884644,1
averitec:780,averitec,59596720f74c70a488614e87315d5a125c192390ae886c3eda669c50353b2e73,1,0.97677726,1
averitec:1441,averitec,b1f2e8c212b68bf70e054e5787b70c3438f2cbd990beabc3df034e28fb2b3df7,1,0.9927049,1
averitec:1374,averitec,e92b784862ff3cbdbf2ed3187665936808d59430e0e72e35f9b1f4f17628dcf8,1,0.97185045,1
averitec:1022,averitec,a041a2b47226b019b9fa9fbcb9db96b51bd6485ceb61b1b8b026bcda415be389,1,0.9916291,1
averitec:1467,averitec,24e49d8c4c1002ae6721e518a8d420a3e908616caafdec45eeafe28ddeb0631f,1,0.9908138,1
averitec:1491,averitec,33147f5a3fb10f4de7793c3ce399a2cd47b5789025479e16c761bdee946e3300,1,0.99195427,1
averitec:252,averitec,0c54b768ebcca52b7ee8e7bcd1298c744303f7e10954655bf488f762f14a6d27,1,0.950673,1
averitec:2689,averitec,c28366c64925045068b24f71a40ed371275a17a4e37b78cda6982355a3aedb64,1,0.89471424,1
averitec:2940,averitec,693acef92b3f71d44832130bd38c584600e05c027271dcff1e2f3bea497397c2,1,0.9826431,1
averitec:1401,averitec,ad68434963d4624f6d17626e5eee603ee1efab6402fc0baf43e8cb08b90aa662,1,0.99235535,1
averitec:1483,averitec,4baf269f6b289aea740c591fbe823e63829e5de7034f2a3a97839528177d3c1a,1,0.99069995,1
averitec:1493,averitec,7b69416d9c5e509c93add2e96866206e8e53ad081324c8f4625c3e41dfe2b3ec,1,0.99180603,1
averitec:2782,averitec,e2a9c265fb1ce052add02cf66fd5f706b4cf410bb65ec808919f1cbf9d886503,1,0.9892447,1
averitec:2543,averitec,0e6a9055b539813bfa77ade1d24ce3e32e3a4c44c8de1a9607bb1ff77cfca91e,1,0.9932609,1
averitec:2034,averitec,844963358d9e849b2c6800d292a4e5598cdc10ed765aa9b926913988befa189f,1,0.9907504,1
averitec:2958,averitec,a7084da9d49ae9a133e494d16eca345ef59faee9bbbe86286ab413db29f4c40d,1,0.9916352,1
averitec:2540,averitec,877dd4344598ea92c88a6107627a63ae01c2c56c8b3d2a0eb73e6c7bb9027ac1,1,0.99305457,1
averitec:916,averitec,2d5d373c86e11c613ce3a796a4f7a276a2da2582aa7b0326c674b4850cf356c3,1,0.9934627,1
averitec:2480,averitec,d93ea6ff20b3dab6d4ca37cef0b7a2c85160a3d6e310e289be3395378a5ce4d8,1,0.99098223,1
averitec:3020,averitec,09311af4762f394c0d1f01f619570ebc8be764b27d91ed03f241825c886ee123,1,0.9891049,1
averitec:1008,averitec,3de7b4e604deff04cc399289e0ddb4020ba6baa1a566425e7d40ad16b3671079,1,0.990635,1
averitec:247,averitec,53bb9110e5f9e7093c77f5a5a2e8a353a0e78f1ffb47f22cfd4a23796f0c853f,1,0.99196047,1
averitec:604,averitec,91cbe89fd348b82447e79fdc893761f2f0c95e4063498787c0ec0afc6aa448be,1,0.9934588,1
averitec:2246,averitec,b7ef18601d858f581694a5b0addcdb80c8934fa59a30ab66e3b2388f4fffb712,1,0.9879209,1
averitec:2546,averitec,59b83b29c271f76e26abc22a9aae11f6d559f97102b5156998d2e73827ed4ead,1,0.97690034,1
averitec:302,averitec,aa98254390f4de45e311c0bb401fbafb0c2e90049dd775c15441b93cc2abcda8,1,0.99089795,1
averitec:1217,averitec,a801daaffa49b76384fb4536c1cd3b82b6e1d5820b693f36289fbdb985b491d8,1,0.9930542,1
averitec:1155,averitec,639e393ca36f55653e2f433db91ce1dcc75a2884712cc359d08553c614761592,1,0.9848104,1
averitec:2595,averitec,d69f94986f36b9bd4a3c62e54529f6f94b166091674769251fcfca5db2a94a47,1,0.9868325,1
averitec:96,averitec,f6a2f1db5b961e59eef7eed320472264945af33e5a1c5f3e89c18ea0574b2fd3,1,0.9104298,1
averitec:2108,averitec,3dc31c782a4cbd7cc1f99e21081b03c4374d2688d3472ee1fe2ef3c802fb8db3,1,0.9912493,1
averitec:2783,averitec,194fad192bdf533a47960aa7e918b73861fde568b2b9333db458dca4ecbe20d3,1,0.9911979,1
averitec:432,averitec,98b44f5a091bf411bde8374d8423f02b4fedee63c789cf112932cc94a1832298,1,0.99119425,1
averitec:6,averitec,d18a4925570c368f7cc55c52b9fdb1fab3f1c32652d1cb5fd64f8b098e84ba5e,1,0.9929174,1
averitec:1023,averitec,91aa4dbe923892b044a1d08f52c12212a84d6fadc578a1997784c8beb253da59,1,0.9851857,1
averitec:958,averitec,0b472e888e7c75d701bf9e6baa757ac232a3e5902de428e440b1cd5f6b35fd20,1,0.9900501,1
averitec:33,averitec,343232f453174b03e3b3185f27e8f107f22740b03852f80f95d1b47a53ee7570,1,0.99251705,1
averitec:858,averitec,769e8d35f7287ed8fe75630a46135c7145db2ee20bb8c504b922f65f3a23c9f8,1,0.9810604,1
averitec:558,averitec,b96364d0c2ce460f58c47879df4bd9894e3b1a4d3890aa07b6827c63c2b5f118,1,0.9924999,1
averitec:2329,averitec,000c8bc943370ae4ce8b41348f5c3d21740a6007b5026ace9247e63e995d4c61,1,0.9934911,1
averitec:978,averitec,185cc065fb08759a9e30e695342f6199cef4a10da0b99d13c6f60566ac951d42,1,0.99184144,1
averitec:374,averitec,5ebbf77482b054ed700b54b50b04509dad98fd43c7376ce4b5f7ce6f3dd216e5,1,0.990651,1
averitec:2436,averitec,fa4cf4e3c10b72e97df803db7374fc7fa5cd27b0eeef54bb7b8dbf0539b80f38,1,0.99216086,1
averitec:2265,averitec,ef571405ed83ad0653e4d45da852a991a6052342f71b9b0e7a26441331b8bb47,1,0.98736656,1
averitec:1557,averitec,0ebfcc643157e6aaef4004611708df143a203d3d0bd0074b2781fc6e89d8de3e,1,0.113924,0
averitec:2978,averitec,c90db419e60ba7e4bb41c6dac0c820e9576559b5c5264f7f72847419fc0a3837,1,0.9913272,1
averitec:2784,averitec,6b62c74f97424bfe919f69b64d48b25377360607090d5fd5f65f36e9fbf09e64,1,0.99163955,1
averitec:1743,averitec,6e6f4eb6f514fe34e4a135f4607621d6d016df9d2ed64f1c0f63002eea3c782f,1,0.9805627,1
averitec:1628,averitec,8cf5f6a6b7f855d9ced33281ebd6e7c338e5369e15d5a8f4575810d5f3e9899c,1,0.99141145,1
averitec:1810,averitec,f48de2f8155e92c93b17724021479fa3b9b5d4152d3963f73b76d8824bdde17b,1,0.9870861,1
averitec:1351,averitec,608db0185b747bcf096a6e342eecf2403e981725c3f7cdafa8f3f25c36824592,1,0.98777187,1
averitec:45,averitec,6965a8c8b8a73e838fb58016c32a55dfb569bfeeba795607db0eaaecc9c5886e,1,0.9830466,1
averitec:1795,averitec,9465138504af9387a83efeee01a5a5a0240f8171dd699203257381eabc9f2b27,1,0.9912976,1
averitec:2460,averitec,4a09a09b4dc6dbefbbfd593489a2854e0a41d18f254950f1e1a0b576858c0019,1,0.99059874,1
averitec:1674,averitec,3d7e57079a0f3abb37448062e2e429f77e3a3f4ec327b0b67106123a75a51eaf,1,0.93002397,1
averitec:740,averitec,3563d5e9886842d24944385f10d78c9bd87b5fab721312117b52662d7e6f9fa7,1,0.98968494,1
averitec:1204,averitec,001e38173e40d8a5663a73f058a2fcf14606996f33acd7feb85c9f4f2a0f05e2,1,0.9927186,1
averitec:2683,averitec,dece405a700dba39080827e2a01973e1a2eabc6523c30b7dd46789936c33a02c,1,0.993554,1
averitec:1289,averitec,7c9bf48bf6db43ec9a4dccd0cddc89fa4c50391630b349f32023edb24469fd26,1,0.99360186,1
averitec:837,averitec,4b1348a1f2e6a582ac0e96cf95ba8250d5ac025bcf48b20466e72df88b1f7d40,1,0.8342673,1
averitec:2535,averitec,e874336c82eb7b05df3e9b627b373baf39a0d03b48f85db583834f56821036ef,1,0.97706586,1
averitec:1887,averitec,2c4a4aee0e1b3b2b45e3d8052bf2ce62efc57d9d3d0e37c34bd0d19382174a01,1,0.963644,1
averitec:778,averitec,3a5fcedbeb62ba8b125ab599dfba564fdfe8cce5b530e888ce27345fadc21d10,1,0.98627335,1
averitec:501,averitec,da6e0bcc424467fac5533d99eaf9557abcf1bff0559bb14ab3e5a83d2e6cb655,1,0.98775953,1
averitec:1151,averitec,0367ce3171d7c333f52ee5b511e8669a6794c285c62fea3cf9c5bd2331967f64,1,0.9107368,1
averitec:1146,averitec,037ad801b9b02893a28e530024facc1cc077878231436000724f1b81308462f8,1,0.9923494,1
averitec:1608,averitec,ac27fb8cb6b6aa6996feb9248dc1a665a79b98640951eddccd5754fcba80d93e,1,0.990086,1
averitec:742,averitec,0263052336cc4787e9f6e8e733d4438e04c1d65c43974c000e12acbf952e3ae5,1,0.92741966,1
averitec:74,averitec,b497d8c80c55e19def520795162dd0b574d4fdf373c496fad830aaaa78c7986f,1,0.9780311,1
averitec:615,averitec,116de6df54b607cd928de18214c197e0dca519ff0933f89b9f71b8c8aa425d6f,1,0.9939506,1
averitec:109,averitec,9fecd7fddd9a94420c2ac877016fafcf25aea75ad65bf25b82364986cbb1797c,1,0.98943686,1
averitec:2906,averitec,e85fb2e2d01db6a758e6b98811686439f6794e8687ebff879a6f84e0b3fdd0eb,1,0.990121,1
averitec:2934,averitec,3fdcce72640b03db544c6eacacbe01213a6c53080b87abeb610206a891cf7841,1,0.99178195,1
averitec:2344,averitec,0b42f60b7a4135dfa81c04af9d0c18338082f045566970ce190884ae80ca4876,1,0.9926052,1
averitec:1890,averitec,bcc505e866157f8a1cfb6f1b62a55ec527b71f0f867483fc7431f3e16fd2eb4b,1,0.9915808,1
averitec:1120,averitec,35e8888db30c31ada34a85273c9716ba8f15366c0d457e0f34bbdc7ce8724f44,1,0.9907831,1
averitec:1990,averitec,3c9dbaeb3676ea3ff665e9f24e174e6daea44fb4428f15da97f43a88377a0b85,1,0.99211884,1
averitec:1199,averitec,e94f34cc06eaa3e66fad2a6d20939fc1a34bd44124ae57c5da4d835792f23a2a,1,0.99361527,1
averitec:659,averitec,71c932e5efa26bfa0e358ba56e1ac65b9ceece4c1b79eea8a38b6a937d01ecb9,1,0.99250305,1
averitec:1937,averitec,781e068a92e29a19011c9f4c104ed4ecf92c3e60b9546299fa7695346c48036f,1,0.98887026,1
averitec:1603,averitec,0dc6d9a7f5de1d822efd5afd1541943d3431a451f8a7e3853c32409b28fe2c4f,1,0.99084294,1
averitec:2705,averitec,37a83a182068a1efe17f7463307244f5c4ee73f45e5f07dc1593521b4c3acd10,1,0.99248946,1
averitec:1052,averitec,cf8dd1f70d7b6ca56ad2c67743d15038184fb1a5a6ed8102edffd860aca6f736,1,0.9937503,1
averitec:781,averitec,5e3591f438266f8513d4ed7564f06f4306f0dfb7f70928f33d64040d449fb6a0,1,0.98677665,1
averitec:794,averitec,f87b71ffb51ec668e9b1024f3f789bd06ad72b9a8b83afa14f461ed85e1d5ba4,1,0.9931664,1
averitec:94,averitec,8f0fa0eb0ed29a5fc780e36d722060efade4ec3f78e66d71e6d88af5747291c7,1,0.99214077,1
averitec:605,averitec,7442cb4ed1372d8c8308719576733de61e4692348010def58bc54361150a19e3,1,0.9936608,1
averitec:1432,averitec,838c9cfdfffdb261c1dff790d07400a7816521f4c1257ee2924b9bf0776d15da,1,0.72735775,1
averitec:2602,averitec,124aa2d509fe7b2726222124cb012ffe3d56af3c420ef6b91e8bdb9671afe2f7,1,0.9360086,1
averitec:480,averitec,e34cd9bc542d44d90187078ddd59bd9143baa2293832edb24abebab25ec06cf6,1,0.98987377,1
averitec:2473,averitec,e9b893e0d567890d4d89f44609cc5f4f43d9003fdd0ce7711ccbf4d7deb6d3be,1,0.9921481,1
